{
    "loss": 2.5900230407714844,
    "accuracy": 0.8057553768157959
}